{
  "Log_Reviews": 0.284248,
  "Days_Since_Update": 0.163418,
  "Size_MB": 0.145775,
  "Log_Installs": 0.122526,
  "Primary_Genre_Enc": 0.097114,
  "Category_Enc": 0.081592,
  "Min_Android_Ver": 0.066679,
  "Content_Rating_Enc": 0.019762,
  "Price_Clean": 0.013398,
  "Is_Free": 0.005489
}